lot_id,carat,color,clarity,viewings,price_index,reserve_price,final_price,sold
1,2.1854305348131313,I,VVS2,6,0.913541811443458,2210.6998924827176,2437.035019710911,1
2,4.7782143788446225,J,VVS2,16,0.9436604118664926,4472.976882108739,6118.330291445848,1
3,3.793972738151323,D,VS1,13,0.9535388607471185,3455.442778151435,5230.23435005148,1
4,3.1939631788866647,D,VS1,23,0.9863251228080994,3079.018725020529,5189.70011745786,1
5,1.2020838819909643,D,VVS1,2,1.1343992255124837,1262.9543651161111,1529.1607215493361,1
6,1.201975341512912,H,VVS2,11,0.894316837583684,1146.5237232129593,1376.1245010825721,1
7,0.7613762547568976,G,VVS2,12,1.1104000828141718,767.3996881595389,1241.1360822289798,1
8,4.3977926559872085,H,VS2,1,0.9621240732342974,4598.2855399431055,4704.145932953221,1
9,3.20501755284444,G,VS1,2,1.0407421534648034,2953.708097592226,3506.2923494539555,1
10,3.6863266000822046,H,VVS2,4,1.0530162132905225,3822.9404012322857,4459.470464296168,1
11,0.592630224331111,H,SI1,10,0.9491394548755738,544.2562948566203,713.1496924077616,1
12,4.864594334728975,I,VVS1,7,1.0050460820823222,5317.127836421963,5268.961490632335,0
13,4.2459918836018975,F,I1,22,0.9652124698590788,4236.136197692616,5648.630958256459,1
14,1.4555259980522428,H,SI1,22,0.8276531144746478,1353.8359966584278,1844.9118179644759,1
15,1.318212352431953,I,SI1,11,0.9748661555267306,1276.657984846755,1461.3964245686896,1
16,1.325320294340452,E,I1,6,0.8389573570214209,1302.370106959443,1139.6571794669726,0
17,1.8690900933179198,F,SI2,14,0.9620083196321286,1965.6043026071864,2353.0602478254386,1
18,2.86140394234507,H,SI2,23,1.0371673599327127,3000.7106985731048,4514.072829110563,1
19,2.4437525838895207,J,VVS1,16,1.0317659597374003,2498.463563721521,3386.9653116929153,1
20,1.8105311308911887,D,SI1,3,1.0650485116033281,1667.8361883629975,2086.6728621225425,1
21,3.2533380262507077,E,VVS2,21,0.8381046031818505,3026.625503665857,4314.413574018214,1
22,1.1277223729341883,E,VS1,24,1.060849298212175,1036.0964910466514,1958.3691091400515,1
23,1.8146509184084816,I,VVS1,12,0.9248592226785788,1842.65925082226,2187.8189859860086,1
24,2.148628294821613,E,VS2,17,0.9596183784548444,2310.694360120879,3178.462337871667,1
25,2.552314928976662,F,I1,0,1.1431945015690823,2518.522540804111,2627.8904884700723,1
26,4.033291826268561,H,SI1,15,0.8036121616518201,3759.712168700505,4512.859417820322,1
27,1.3985320197126188,H,VVS1,12,1.0353650533362422,1414.766829756499,1753.1200069392985,1
28,2.814054972861252,J,IF,9,1.039485592040043,2989.5125480955467,3429.2318938715975,1
29,3.165865559879191,D,IF,11,0.9586639105374248,3318.911138069429,4023.2844059587696,1
30,0.7090268572399898,I,SI2,1,0.8948111428433345,763.1186267409347,588.4963255819947,0
31,3.2339518335564725,D,I1,22,0.8938696153046205,3090.3010495902586,4267.825680317325,1
32,1.2673585565928118,E,VS1,2,1.153483867864301,1189.7845195867467,1702.5063548363216,1
33,0.7927321684337578,J,VVS2,9,0.976809749513143,852.9507177352865,843.5882412062401,0
34,4.7699849176399995,D,VS1,1,0.9323557451956688,4920.296980753962,5322.081951178128,1
35,4.845344148835517,F,VS1,22,0.9795110295325612,4662.121268295124,6798.533607684865,1
36,4.137788066524076,H,VS1,12,1.0677561605837445,4338.345040844936,6046.831144530946,1
37,1.870761961280168,E,I1,12,0.8583026272979007,1988.6642586773544,2168.0331859150506,1
38,0.9395245130287274,J,VS1,17,0.9797735340854951,961.1294880818078,1156.956442358992,1
39,3.579048619304706,D,VS2,2,1.0351537484441549,3713.537892115707,4314.841123872342,1
40,2.480686221828206,I,I1,6,1.1794333419405736,2418.7980145564834,2870.112560259174,1
41,1.0491720568015048,F,VS2,13,0.9010111128301678,1057.2917393806256,1150.197664854763,1
42,2.728296095500716,F,I1,19,0.9437002991664982,2741.478769733261,3399.761008500025,1
43,0.6547483450184828,D,SI2,16,0.9517434359689695,700.3250880645251,919.3037301204859,1
44,4.59194180935452,H,VVS1,20,1.042215263057953,4904.1607723009865,7388.145739428494,1
45,1.6645099172000761,D,IF,11,0.9426928212160006,1775.2599052974624,2113.9972866236,1
46,3.481350279592919,E,VS1,24,1.0134047701198783,3140.896234313026,6238.422990294082,1
47,1.9026998424023494,D,SI2,15,1.1127161319380117,1997.6618731965837,2924.5134115174005,1
48,2.8403060953001487,F,VVS1,23,1.0821542376448814,2987.250120808654,5412.490030509202,1
49,2.9601962570447586,J,IF,11,0.9785474586050342,3065.803521795127,3662.478183358615,1
50,1.3318450498648717,D,SI1,14,1.1456864710696675,1400.106013078481,2134.553193434518,1
51,4.863130824940513,H,VVS2,24,1.023256099837545,5195.740155908914,7264.1849201413725,1
52,3.9880977051250155,J,VS2,9,1.015962335800885,3964.4236026804942,4233.599740554005,1
53,4.727745237038851,I,SI1,24,0.8136751063756633,4729.683814449834,5921.767158007235,1
54,4.526723076924419,G,I1,6,1.1946771921428647,4186.959969119509,5492.027707839618,1
55,3.1905499046498833,D,IF,19,0.8491883234118507,3117.4071115671204,4915.169213042792,1
56,4.6484340576040255,H,SI1,4,0.8924523649710586,4781.71877459932,4480.125207859367,0
57,0.8982162592336378,J,VVS2,0,0.8206787348966108,948.5881868378287,676.2069954719416,0
58,1.3819228808861534,H,SI2,16,1.0560011867347654,1303.763837204762,1721.4556271510046,1
59,0.7035228000974213,I,IF,2,0.8898804707890721,652.5628304744891,647.5201085625431,0
60,1.9639864884346896,F,SI1,12,0.8720041749890894,2028.0289472119446,2389.2109131206025,1
61,2.249047803602669,H,VS2,13,0.8354222336892966,2024.988612824948,2388.942556977119,1
62,1.7210706429825315,J,VS2,23,0.8413235828496063,1610.3619423571329,1963.44596925135,1
63,4.229318791183682,H,VVS1,17,1.0338682801770356,3830.97733910018,6102.391256567357,1
64,2.105389970121152,H,SI1,3,1.0752831463466381,1965.1226237678632,2216.058828023419,1
65,1.7642052935932133,H,VS1,17,0.9589515953857604,1651.7616509289094,2371.8475328656973,1
66,2.942132374212118,E,SI1,4,0.9919588326368293,2876.0365435393715,3089.192082185313,1
67,1.1341590123864318,E,SI2,24,1.0743870943931937,1112.0036980259442,1991.5442094728176,1
68,4.109886413393179,F,IF,15,0.8069519160741919,4417.521661993975,4838.020068182343,1
69,0.8354778965589686,D,IF,0,0.9292522628281115,837.1671848256356,908.3159783601642,1
70,4.940991214702327,H,SI2,20,1.1892390992281385,5161.759411544915,7950.590402308862,1
71,3.9751014618349583,I,SI1,13,1.0320448918781873,3660.3826283915755,4857.8427885017,1
72,1.3942205669037757,D,SI2,14,0.9016898319589973,1317.6607801023329,1867.4501278822177,1
73,0.5248495270562108,I,VVS2,8,1.0086920186544852,546.1524808595746,634.7621315308111,1
74,4.169576428046754,D,I1,14,0.9370613952483662,3796.652815017496,4681.042930009648,1
75,3.680858047314277,F,SI2,16,1.0128979955305197,3670.9916267576964,5095.7637606752605,1
76,3.780532256184443,H,VS2,24,0.8502966047226596,3855.6657721749243,4544.310744153404,1
77,3.970716560086756,H,SI2,23,0.853085861527711,4051.834840162739,4353.958786820506,1
78,0.8332009328034067,G,IF,3,0.8574169448157571,753.7023674711335,934.6155796854457,1
79,2.113095778449227,I,VS2,11,1.1759279167707366,2037.9152133925836,3140.0656598798373,1
80,1.0214107678630837,D,IF,4,1.0931595673365366,1049.2933720019337,1586.0182682707493,1
81,4.383965416440171,D,VVS1,4,0.8649527578649284,4076.2108128635527,4794.737854726685,1
82,3.304841570724011,E,VS1,10,0.8753396335062407,3434.005122356918,3903.3029961126963,1
83,1.9890411118369213,G,IF,5,1.0923317899483505,2086.872181990417,2517.052700767691,1
84,0.7860125762871064,J,VS2,6,0.8624655379168696,861.7793453018236,683.7748871005953,0
85,1.89942044772048,J,VVS1,23,0.8938245173339315,1789.194038112576,2645.487547859082,1
86,1.9633249491203617,E,IF,13,1.1853387331281595,2090.9923794309707,3349.1747244016783,1
87,3.783227802521288,E,VVS2,23,0.9021226098913727,3798.5851173402216,6055.605567788869,1
88,3.369008621098459,E,SI2,10,1.0646529401484588,3283.7475002021197,4640.522870228236,1
89,4.49245734159347,I,VS1,12,1.1914525149602122,4153.166079811303,6228.49536907328,1
90,2.6249671632287717,I,IF,1,0.9497187068559171,2748.6060599859848,2689.2381244224352,0
91,1.0381741067223578,F,VVS1,24,0.807006396344825,983.3289465110574,1449.532948594941,1
92,3.7096015425034774,F,VVS2,6,0.8976589161689498,3614.2069144667257,3946.7011369278193,1
93,3.9235327187760385,E,SI1,19,1.132350876536682,3580.2567416058228,6918.317968415914,1
94,3.025747389062733,G,VVS1,3,1.1458435343820146,3208.119420800893,4098.975819476951,1
95,3.9693523097955246,D,SI2,7,1.1074077458095164,4180.989064473889,4937.420900304181,1
96,2.7220801836397586,I,VVS1,19,0.8452439276306293,2849.2643879483053,3340.418101151415,1
97,2.852297732218973,G,VVS2,21,1.1182041486785612,2737.888368177815,5450.736902919763,1
98,2.423934582613473,H,VVS1,20,1.1674711187974016,2265.6419946336473,3986.776381268505,1
99,0.6143860703484283,I,VVS2,18,1.0402438170184944,631.288232272721,946.7337642637393,1
100,0.98551142146987,I,IF,12,1.1763501425352259,984.75580702148,1429.1788417412276,1
101,0.6414313355903041,F,I1,13,1.130735553484751,600.1555456150559,945.3954127591427,1
102,3.3638468506870116,D,VVS2,9,1.0667886067963628,3488.922259412673,5160.137049201265,1
103,1.91460191484347,D,VVS2,10,1.0308740946846993,2102.664236202532,2646.8775528802025,1
104,2.7885681102411626,J,VS1,1,0.9394294668967882,2926.4458419620455,2499.026025547251,0
105,4.584049132667419,J,VVS2,24,0.863714978097122,4804.0710102150515,6136.856299474588,1
106,1.6218150311699373,J,VVS2,8,1.0419815690762162,1767.879829456007,1924.5512264759657,1
107,2.3467231536603337,J,SI1,16,0.9272446214472478,2207.2979327958496,2758.4962704123895,1
108,3.899980123443719,H,I1,2,1.1465754670110582,3951.1088355009297,4056.77583787805,1
109,1.529591744712301,H,IF,23,1.1973347749434513,1676.3244758511414,3160.1261255164345,1
110,0.8464095942295684,I,SI2,5,1.100971105046229,789.7499390855721,992.7439176750695,1
111,1.8038815381119562,E,VS1,4,0.8361926781148203,1876.1277006344997,1968.116617825779,1
112,1.2254957926430199,F,SI1,4,0.9154742382122553,1246.5277872139498,1163.885225617372,0
113,4.683639435541579,F,VS2,21,0.8436438527062999,4764.646812846552,6123.098991983153,1
114,4.136541708039877,J,I1,14,1.0602046591166863,4300.076267078118,4963.424969607158,1
115,3.3503169042969057,I,IF,22,1.1060763458223137,3638.1874721133904,5469.894125874947,1
116,4.42157265584473,G,IF,16,1.1702699323522847,4671.463971501177,7640.525262730007,1
117,4.116524346046015,E,VS2,8,0.975268938564795,3751.089038722411,4622.703759946956,1
118,1.3395652649871612,I,SI2,2,1.1605502598353776,1434.0657056698024,1576.356549321613,1
119,4.5165154932049,E,VVS2,19,1.151156463616531,4268.596126077932,8265.309239255836,1
120,2.927040088620428,E,SI1,16,0.9268782867061595,2854.9846537888347,3455.053559336753,1
121,4.133480698238282,E,VVS1,9,1.1475602502162283,4101.845362976461,6683.8999525827085,1
122,4.53241084965572,I,VS1,2,0.9502689007526905,4515.102479785698,4463.769399650761,0
123,1.9310156373733873,J,VVS1,17,0.9187477098241124,1905.9821048441463,2155.106801475428,1
124,0.9952336603745454,F,VS2,17,1.0596298635177572,1082.2874043504096,1656.1727997795874,1
125,1.5257082314387376,F,IF,16,0.9313524911540324,1588.573210603906,2354.874254435144,1
126,2.4219850488181534,J,SI2,23,1.0520834993316577,2485.5237174883455,3347.93188085138,1
127,4.181066446651219,E,IF,2,1.0439327221994779,3804.63836798536,4904.4494094636675,1
128,4.373287624653545,G,VS1,2,1.0253755709393835,4726.573458385605,5252.045295242925,1
129,0.5312845873903582,D,IF,5,0.9521678816931191,574.7851272389263,666.6735950850612,1
130,2.798362861599046,I,IF,12,1.0193998886605906,2955.190427606585,3587.7884977360354,1
131,2.3783495141695052,D,VS1,23,1.0385941899941686,2143.8581434475786,4104.244503629596,1
132,1.4994851471182862,J,SI1,14,1.0182747553981895,1366.714809549278,1802.2079765232445,1
133,1.0393941530015727,G,SI1,24,0.9777677811004806,982.2739775524626,1546.1175463571194,1
134,2.0192682713163257,I,VS1,8,0.8058668228185055,1870.3873826493307,1871.4030074571272,1
135,4.743093667606336,J,SI2,3,1.0348246830804604,4647.127630225906,4768.778846453639,1
136,1.9544131940933984,E,VS2,13,0.867377754057088,2119.609210264374,2531.706553553645,1
137,2.8345577978451475,F,I1,4,1.0570303875788758,2818.7185350220866,3081.3203059629586,1
138,3.6635853150283,D,IF,1,1.1037377311691463,3307.0471166014086,5172.844867740196,1
139,2.136333210706823,H,SI2,10,1.0001781236522966,2043.5076910024031,2687.5509628320915,1
140,4.873019372244323,H,IF,8,1.0169454659918953,4429.179805500871,6290.459088744298,1
141,4.8310128272395,G,I1,23,1.1805914238663964,4382.972738578722,7893.676973146285,1
142,1.6330203312141387,E,VS2,2,1.1388669445490296,1559.7695232576073,2158.5822277082925,1
143,2.7376182765157346,D,SI1,8,1.165694606380588,2614.7607239843064,4071.0572875671355,1
144,1.8539523941754634,E,SI2,2,1.1255065153278345,1960.4162046404056,2383.5013422144552,1
145,1.7817822246986044,D,VVS2,24,0.8435673367386927,1950.9926134978682,2577.161453943898,1
146,0.6659912630953976,G,VVS2,1,0.8595967423880779,648.8362730518122,702.3130423814008,1
147,3.243039502909536,G,I1,11,1.010649518907584,3196.9149707037673,3496.110703652294,1
148,2.7620556045298765,H,VVS2,9,0.8984278635191993,2952.5211235051775,2824.1422980854722,0
149,0.731654380624952,E,SI1,8,0.9906781900164636,697.7259602963298,914.8634344039439,1
150,1.7539090890647515,I,I1,14,0.9577461295273401,1633.374073779787,1852.165974837759,1
151,4.587196486849941,H,SI1,7,1.0197656953721814,4911.134782854021,5023.513192734331,1
152,1.5780285080013758,E,VS2,24,1.098750286454329,1434.9015074094793,2700.92383663349,1
153,1.152026924410504,H,IF,4,1.0861963628397098,1179.6063199998223,1419.1881863662647,1
154,2.7025374212490334,I,VS2,10,1.0084936529941337,2736.0450192747994,2910.5625167086073,1
155,4.935427043497703,F,VS2,1,1.1289573675268232,4783.337365447671,6663.108724673568,1
156,1.589248721801752,F,SI1,23,0.9723448366152133,1530.5067583274338,2208.5163048440468,1
157,3.5246099633264536,F,I1,14,1.1586857159360489,3716.248453387857,5358.266076093842,1
158,3.927288268979229,F,I1,5,0.8285121080220657,3602.4423140810754,3688.8057779510577,1
159,1.5693689479657986,J,VVS2,7,1.1818640120133228,1486.7524416489823,2271.6412620279402,1
160,3.776973568753368,D,VVS1,4,1.0618772325725392,3952.564112001909,4615.6216685306035,1
161,2.1550240972366392,J,IF,15,0.9520298035748821,2175.850501701236,2922.9144659221283,1
162,3.3453762376711076,J,SI1,17,0.878861650629151,3096.4723562100676,3636.397767081615,1
163,3.3508836984240262,J,VVS2,5,0.99167329177744,3606.982098521028,3712.4041440731594,1
164,2.910986078336413,F,SI2,4,0.8778233292741204,2848.9517112823833,2878.570111801361,1
165,0.9063039652448374,I,VVS1,15,0.8665326430972569,965.7336469714111,1124.131908767492,1
166,4.25886123015157,G,VVS1,12,1.0469407029651896,4503.9271915997615,5908.208672646623,1
167,1.9435102923728111,G,SI1,4,1.0092338898327138,1991.8747195429885,2250.8109213772204,1
168,1.339333296799344,D,VS1,12,1.0680384138443766,1337.854975875915,2033.6549662647042,1
169,0.6834881369964376,F,IF,16,1.1718423509687956,749.0415990939583,1289.4093009163728,1
170,3.159018244347088,F,VVS1,17,1.0129040853356162,2934.705881600567,5315.5638927043165,1
171,3.549039628290271,F,SI1,7,1.032372821305119,3708.856948213358,4071.32016805227,1
172,0.5746452301753526,H,SI1,12,0.8358505356619769,539.1540720879415,650.326754699168,1
173,2.8044187623467645,E,VVS2,18,1.087054314363452,2713.703165952832,4341.471753375381,1
174,1.5192309883907207,H,SI2,2,0.9599620827216625,1461.1048289536152,1326.8721924889642,0
175,3.403277556842524,E,VS1,23,1.1906900954650315,3707.555065676949,6007.083776850196,1
176,1.2846489305224615,F,IF,7,1.1292696062382641,1404.7266533162165,1844.9079108018602,1
177,3.609219821461097,F,I1,1,1.0089924162064474,3380.406433108084,3733.9297854762667,1
178,2.2403090583524183,H,VS2,7,0.8492890616688664,2026.151266360526,2035.046328279227,1
179,4.715284949315305,H,SI2,12,1.1437663173122357,4922.765068945674,5854.7404775555015,1
180,1.1188442486569696,E,SI2,12,1.1199124381696086,1100.4929504927725,1748.4852807875816,1
181,2.0347985797261634,G,VVS2,0,0.8738340518148132,1867.473122658887,2070.761601660255,1
182,1.010630845582651,E,I1,5,0.9181113156881241,1047.7723590023732,1083.3393711471717,1
183,4.661121282253532,H,VVS1,23,1.117362903259135,4703.16974979818,8859.35136105835,1
184,4.448027090214414,I,VVS1,18,0.8740913786189639,4875.497458527347,5691.01020341582,1
185,1.6607373247182002,H,VVS2,15,1.167100995668551,1570.1970798008485,2484.831685831598,1
186,3.4699282071538056,I,SI1,7,0.9698109700785448,3403.2902320647413,3572.441923853338,1
187,4.177499900905471,D,VVS1,0,0.8348155850350635,4213.046918799136,4284.269374838178,1
188,2.9984036521975805,H,VS1,15,1.1262994574017124,3173.330514342485,4402.1849352387835,1
189,2.8834276026020293,D,IF,8,0.949403873215355,2911.5921487741543,3953.4800550921345,1
190,1.5883353090520327,G,SI2,12,1.0105996776615125,1624.1999714309704,1787.8671388244748,1
191,0.9189624551265465,E,SI2,10,0.8449217377644878,868.6303395636363,926.8547172561829,1
192,4.5374709107899704,I,VS1,12,0.801033605937993,4852.29763821199,4565.836716828527,0
193,4.551881257234987,E,I1,24,1.055194082317319,4486.908202118147,7293.491467391523,1
194,3.348956557729706,D,VVS1,20,1.0060700681334926,3108.474435749569,5632.662597503865,1
195,2.0256340597191533,I,SI2,9,1.0374154276492589,2092.1509860824394,2395.4559982237733,1
196,2.071443085756974,E,VS2,3,1.1174975401522065,1953.8225922110357,2418.496444802531,1
197,3.766800554916077,H,I1,5,1.0586423653691441,3463.6202029661495,3787.7321352118643,1
198,4.536996169786597,F,IF,6,0.869909377130951,4865.4628131752115,5468.041687643111,1
199,4.491888909193028,D,IF,4,0.94430900764424,4456.09957273068,5697.108348551871,1
200,4.009439956359307,E,SI2,10,1.162356441915104,4209.337571989716,5339.508663839204,1
201,3.389142407694295,D,VVS2,12,1.1079778801006714,3247.1966913424894,5790.759179512567,1
202,0.8786298424777197,J,I1,24,1.0226548231746868,929.0579473654235,1093.5245927902708,1
203,1.227329213425762,D,SI2,18,0.902257999123709,1132.0727387362695,1583.4421436492685,1
204,4.543493848371857,I,VVS2,22,0.920824200733918,4412.617030338889,5733.223874050614,1
205,3.2289307684681545,J,SI2,9,1.092783227034254,3537.656471125064,3894.3456724628204,1
206,0.5413867322748334,I,VS2,9,1.1404697043411083,573.2191586482093,739.3949096864916,1
207,0.9566219428971445,F,I1,10,1.0685698678122457,956.096935442383,1131.7470757277765,1
208,3.485757960986251,J,SI1,20,1.1238119903073767,3374.05857017975,5400.47365262161,1
209,0.5227771273079841,H,IF,6,1.1066624540801624,561.6859337532833,701.2302861571136,1
210,1.2236362313787439,D,SI2,17,0.8598815871827832,1234.6116999611356,1427.09596603642,1
211,2.9693020521496374,E,VS2,3,0.9695779251653208,3122.7704393267495,3105.515513528533,0
212,3.6135283896171195,G,VVS2,1,0.8611935203314252,3797.173452985562,3310.6446924368606,0
213,3.4338256677617025,D,VVS2,13,0.8940942339207939,3102.7675673243098,4072.3791134681846,1
214,1.509211892572519,D,IF,12,1.147703849860421,1396.399445409843,2620.3245967125426,1
215,3.7048064960639113,F,VS1,11,0.9891567862532729,3823.0856787802727,5227.803047694858,1
216,1.5676208937356004,H,SI2,6,1.0141432407370643,1461.5305229647079,1746.8024669745498,1
217,1.9642986417167048,G,I1,1,0.8713783860911088,1868.2418235199666,1579.9657847563062,0
218,3.8592113230311087,J,VVS1,12,0.9249087144195184,4203.945373059624,4011.669868148579,0
219,3.423348045712466,J,VVS2,13,0.892098467371148,3464.55300903133,3589.9114253451226,1
220,4.3215053472238,J,I1,16,0.8824744658073705,4538.211128264694,4291.240238260238,0
221,3.459258015351545,I,I1,8,1.055184317326388,3499.3720824255156,3997.935405713168,1
222,3.057388715009622,I,SI1,16,0.9027535390582859,3089.4996216538357,3246.40917502108,1
223,0.9215364552264161,E,I1,7,1.0528061944081673,846.7356932057809,1154.1843949708154,1
224,2.154721113767451,G,I1,1,0.8233818456434217,2087.348669818619,1862.4162779269493,0
225,1.6934106545677645,J,SI1,23,0.8567097574108408,1619.723887713966,1926.5171367634016,1
226,1.597953395205876,I,VVS2,12,0.9098161016000502,1563.0311993723917,1965.321371717879,1
227,4.878547496386005,E,I1,2,1.0388187667582767,5169.644754890628,5326.1283397491015,1
228,2.268939761000422,H,VS1,15,1.0703364980349503,2210.824348630688,3401.939396239884,1
229,4.51420949829701,E,VS1,5,0.9770867867118108,4470.599362812552,5448.977361799821,1
230,3.340123816987683,I,VS2,18,0.9783163658308915,3271.5720446464525,4332.285254024862,1
231,4.076650865937418,F,SI1,6,1.0898067405594472,3745.1441173113853,4885.220956526306,1
232,2.7618669189733644,F,VS2,9,0.806328436706233,2729.316747626633,2704.533022234911,0
233,3.096067480818616,J,SI1,8,0.9364360097896882,2907.5846345806935,2957.6855112135036,1
234,2.7163296221848876,F,SI2,1,1.1274828228476932,2546.1370638584594,3206.9370356865575,1
235,1.3785934450912003,J,SI2,14,1.0412877640853488,1266.6616120170784,1523.9383775112672,1
236,3.751034518676774,J,I1,4,0.9348908531021681,3643.508093972263,3557.3529329539047,0
237,1.763475630983851,I,VVS1,21,1.1622099169318696,1854.288236833037,3144.7590812726967,1
238,0.6094218489415423,F,SI2,3,1.109049090979753,582.1735852873599,711.9737674487603,1
239,3.404625331582255,J,VVS1,19,0.9059581788946934,3276.849131339307,3964.336206797763,1
240,1.2969980573317201,G,SI2,3,1.0581159350102867,1334.0078080980406,1554.3301622699782,1
241,4.732063629588114,H,IF,17,1.0383002912755828,4444.203503915611,7739.223050901662,1
242,4.792678596511643,E,SI2,3,0.9604751656155931,5173.17695188293,5273.561437169431,1
243,4.616889755992018,E,VS2,16,0.9467824316819202,4635.533239985662,6022.171268554277,1
244,2.1657141511494995,I,VVS2,11,0.9374241899102815,2143.0187404240737,2487.571911790279,1
245,0.5695547743799034,F,I1,21,1.0468623133582586,576.1411276536712,763.1888714878779,1
246,4.677433531644764,F,VS2,16,0.9769639745922678,4365.013071475594,6060.513488917507,1
247,2.4268286674279143,J,VVS2,9,1.1327452453005689,2481.904640594429,3391.0738806804707,1
248,4.849946685696513,D,VS1,21,1.0678410464535848,4717.155859969278,8744.28499306291,1
249,4.836289896901638,J,VS2,0,0.8279726422837737,5220.471554500541,3869.5149165492476,0
250,4.338542549603121,H,VS1,21,1.0560672895312664,4051.2045267129324,7363.705597323858,1
251,1.8250200143131357,G,VVS1,23,0.908458974600074,1827.5936954486217,2720.406842497013,1
252,2.232939778708664,E,VVS1,17,1.037124796661369,2276.7556972910197,3552.7740004297984,1
253,4.330115021825856,J,IF,17,1.0720527724413804,3926.0144867588433,6142.274062963944,1
254,1.9261490232032494,D,SI2,13,0.8923316756616049,1873.63955228188,2488.372295694144,1
255,1.2627173600874162,D,VS2,14,0.9827434579521475,1321.4678699723668,1624.700692509465,1
256,3.0056056810625758,J,VS1,11,0.8761299451276272,3198.1913723572366,3381.3095174391765,1
257,4.712696483723514,I,VVS2,3,0.8209355503146034,4536.594321713412,4475.1694061225535,0
258,3.6321340850373787,E,VVS1,2,0.9513905693943476,3849.0402454742275,3835.233985543783,0
259,3.0652752654021422,I,SI2,19,0.9451777087383968,3352.035369468443,3763.7150202605562,1
260,0.9372942219684584,G,VVS1,11,1.1981921962817028,1004.1933976193238,1625.6327684017108,1
261,3.267532520146264,D,VVS2,6,0.9785409404790568,3017.6603795536967,4228.271070938776,1
262,4.955242325469185,D,SI2,10,0.9334278197888801,5192.826703118996,6338.598112849552,1
263,1.130378068564358,H,SI2,0,1.03219000268667,1089.6091370355682,1233.9630504298411,1
264,2.8324834356368154,G,VS1,5,0.8355069576431075,3109.1694755787903,2746.3024975237818,0
265,4.4481788236758,D,VS1,14,1.1846662943819253,4435.153651462747,7500.734155081422,1
266,3.83345877989392,G,VS2,14,1.0539840182364133,3543.981962428673,5898.776507369249,1
267,3.636570834478706,E,VS2,18,1.101935127976339,3800.351473739209,6169.207270200423,1
268,3.6611783779419915,F,SI1,10,0.868191175269567,3531.58086322074,3650.9881245858824,1
269,2.1177101804888983,D,I1,22,0.9637911412020815,2328.2436752389976,2723.4357831726984,1
270,1.82116329919022,H,SI1,1,0.9690756453584758,1995.915739958207,1811.7403667510227,0
271,4.142125199653311,E,IF,13,1.1287225775604348,4271.470529766545,7523.705709575118,1
272,4.145510276056314,J,VVS1,1,0.8004946719037638,3838.598624097331,3616.4254509538714,0
273,4.401825433610467,G,VS2,3,0.9203412433413021,4566.331332033621,4663.2757999361165,1
274,4.609582486504121,J,VS1,16,1.1924945497377215,4234.390578073129,6523.5037375104275,1
275,2.80104079487422,I,VVS2,2,0.9899546174024875,2537.386756897394,2808.7560550898497,1
276,2.756823326092398,E,VS1,12,0.9530105120976033,2934.891201672788,3912.9924230449024,1
277,4.092328305350488,J,VVS1,8,0.8479316008070585,3854.771059802765,3768.3549358142095,0
278,3.4248376884999434,D,SI1,6,1.1896658514512062,3341.975197017747,4710.021037318672,1
279,3.658850947659665,G,VS1,14,0.8080105423703299,4005.312951657824,3754.7233689850577,0
280,4.081067012462455,F,I1,22,1.0948720900028972,3947.8940433375387,6522.353791147483,1
281,4.505024038179048,E,IF,10,1.1074399219154034,4321.660352712301,7665.713014742872,1
282,2.020978205831911,D,VVS1,19,0.8974626864255467,2190.0160563803493,2807.494060768497,1
283,2.190123286879748,H,SI1,1,1.068623377445215,2019.6215080075294,2360.2801961671444,1
284,0.9229187292839105,I,I1,14,0.8371716577517561,970.8334229014006,911.56026973758,0
285,3.102260634482783,G,VVS2,13,0.9028189065728319,3405.08195337747,4246.986133942395,1
286,0.6617402320853394,E,SI1,19,1.115160795316906,714.8509751463267,992.6484721934798,1
287,2.5951910815960706,E,SI2,21,1.1458744768134161,2673.9125275943015,4368.783948689016,1
288,2.9419008561840947,F,I1,10,1.0433945650639165,2832.4979149022806,3523.9886127957966,1
289,1.7894356345772797,F,I1,2,1.0027353727281931,1701.5106342749064,1960.980477501807,1
290,3.1587496725605484,H,IF,16,0.8637216082475921,3360.4390641557507,3956.7585567241017,1
291,0.6372511247257224,I,VVS1,11,0.8252436132316601,685.6595130979614,612.3019014724911,0
292,0.6680668493714649,H,VVS2,23,0.8470596113894235,671.4652937491528,908.5509727400681,1
293,4.201702522968462,D,IF,20,0.8909429200384396,3986.861019804508,6629.631665117622,1
294,2.120857886350683,D,SI1,14,0.9366698007587684,1956.6793965693323,2473.160500455768,1
295,1.0717723069334815,H,IF,15,0.9523638102043949,983.2823841112044,1570.1027828569338,1
296,2.8500946702466194,I,I1,4,0.9385287074356015,2974.9729632615113,2430.2326885499842,0
297,3.9649709889437488,H,VVS1,19,0.8956221328789062,3901.6256036150107,5357.206256625765,1
298,1.4711946237357942,I,VS2,5,1.0038896987006793,1590.4672772789584,1568.6269022484034,0
299,3.303007141185501,I,IF,18,1.1301144432931587,3461.3343447530447,5596.370524076085,1
300,0.884063592471956,J,SI2,24,0.9118814153885917,829.4745076566118,1043.3474626646055,1
301,0.7325677452587347,G,IF,4,1.176954807640893,749.2376786913699,1128.0427621797262,1
302,2.891095842056666,I,SI1,2,1.149334664689539,2853.8038595317034,3435.750841137932,1
303,2.9328580472454795,F,SI1,0,0.8647056845408438,2978.1705461519346,2707.0649862684095,0
304,3.3684345567419296,I,VVS2,5,1.1145103827028378,3528.8186091312737,4480.621638906153,1
305,3.767411001751977,I,SI1,14,1.0298349529271067,3998.1241479089413,4959.626764336984,1
306,4.891334357581406,I,VS1,1,1.0266301448685675,5227.601196508684,4661.505795314961,0
307,2.823351567355379,J,VVS1,2,0.9564171052232697,2684.4284826582034,2748.0903329938787,1
308,1.9533041282356067,J,VVS1,16,1.000461199672804,1770.1293613662665,2800.6877088390843,1
309,4.078337876459166,D,VS2,24,0.9588715109716844,4273.522832871118,5975.569000666233,1
310,1.718745130679334,J,VS2,23,1.0158930475039771,1583.4261699474823,2532.8882030543678,1
311,2.4753713931753625,F,VVS1,11,1.0511800211090543,2383.742842018445,3924.0776287306444,1
312,0.8530537160401968,F,SI2,17,1.0697215225636194,768.3995885260567,1128.595363823191,1
313,0.6140783453695589,J,VS2,14,1.0129924770237704,636.3902044010251,782.8287114847952,1
314,4.831917866050663,H,VVS2,11,1.0885688269314926,4510.239709888952,6828.119805011769,1
315,4.261910542304927,G,SI1,15,0.8565112197102024,4394.270490084805,4893.9050747970305,1
316,3.631883927421641,J,VVS1,7,0.8847929963608955,3989.074348965667,3358.1987952700483,0
317,2.3402882498642144,I,I1,13,1.127494001629708,2140.273582265055,2711.5048043314173,1
318,1.279824440318806,E,VS2,24,0.9290111911385661,1171.5712609882582,1988.751776021773,1
319,1.2039666920198873,G,VVS1,16,0.8091575299904481,1165.5312816573623,1513.4510038335968,1
320,1.626093041740679,G,VS1,20,0.8615164598672125,1745.248754023025,2220.2371479511085,1
321,2.971519991177542,F,IF,7,0.8894457737985245,2802.4582548216513,3501.4167813425993,1
322,3.7156816521502805,G,SI1,14,1.1829291551578347,3611.9233376066745,5254.532299401072,1
323,3.4708881952297905,J,VVS1,13,1.0292165715723398,3171.3542971410116,4668.50545561254,1
324,1.7597025362567429,I,IF,17,1.173092296190502,1852.3175429482728,2770.2663574785765,1
325,4.796893762984373,I,VS2,19,1.03006534019865,4708.92481647989,7247.093614052307,1
326,3.820536125130958,D,IF,6,0.9917417760551407,4018.6299551416346,5436.912466918359,1
327,2.994593236301303,I,SI1,2,0.9254910764776384,3236.321500461116,2854.07987559971,0
328,3.2527433580545853,I,VVS1,11,1.0425483777733502,3078.8927783958466,4665.845629395646,1
329,2.3882002809250547,F,VS1,20,0.855679209847012,2535.0249381276785,2837.594493771438,1
330,1.6147894527552085,I,SI2,23,1.1593046509170823,1472.3953455638155,2659.862494168856,1
331,2.1018770539306773,D,VS2,2,1.1317329620565135,2269.5426885779266,2667.151981093767,1
332,3.910307497089661,E,VVS1,19,0.9270125791506948,4028.2177734585184,6233.33333263707,1
333,0.5647706988339014,J,SI1,13,1.1811190110405176,607.0411565366892,735.5709996107237,1
334,1.0223268822811231,F,VS2,14,1.1300803069662273,920.1327152392715,1655.5749541077766,1
335,0.7070118890978874,E,VVS2,24,1.0665227543340159,660.2191655807152,1369.1779676711305,1
336,0.6832796104353656,F,IF,13,0.84870476445011,668.2145778726891,764.5791238665497,1
337,4.349572628049533,H,SI2,6,0.9912936092192289,4244.750453401381,4595.536168836467,1
338,3.6664603672101066,G,SI1,16,1.0024430219387004,3466.0739230953805,5183.684688132697,1
339,2.6337822308929635,H,VVS2,11,0.8930205433461521,2571.4205570674326,3045.1486420916076,1
340,0.9402537229295067,I,I1,19,0.8319861577437209,870.4584468671383,923.8921038676598,1
341,2.7122714380257458,E,VVS1,3,1.110689452188677,2664.9483385502704,3473.9146537621646,1
342,2.6306229685125455,I,VS1,8,0.8488140208497581,2789.6990170956583,2406.9664790526176,0
343,1.2794084145950684,G,VS2,5,1.0377163002247098,1274.0528271185651,1641.4766907749197,1
344,2.452332421570879,F,IF,15,1.1745796695534643,2215.927619756093,4378.789879627123,1
345,2.2932713047881803,G,VS2,24,1.150442077039217,2257.241279734891,3749.09548774704,1
346,3.271325441234974,D,SI2,21,0.9111010494997045,2961.9725614122663,4364.373930440764,1
347,3.357921428904397,G,VVS1,21,1.1405794550205062,3671.043176883964,5852.971328015819,1
348,0.7038680439742003,D,VS2,20,0.8001330024481959,651.4233933999287,823.915882182283,1
349,2.1857567658191206,G,IF,20,0.8070751238453029,2276.5479987108806,2749.886386654249,1
350,3.3163696207140636,J,VVS1,1,1.041021265537146,3629.9498276405075,3401.8471843325437,0
351,2.7641131636103946,D,VS2,23,0.9459192876578117,2944.354930522919,4125.381576256428,1
352,4.35420428534745,E,VS1,7,0.9545843364636588,4527.77625744948,5546.761325153206,1
353,3.4641213422852526,I,SI1,10,1.025776436271553,3699.3080985798865,3828.2972196501037,1
354,1.2332049218664336,I,VVS1,12,0.8767129822367443,1352.036225841998,1426.7720921913456,1
355,0.8175593633019342,H,SI1,16,0.8847021402661913,837.4006292848921,962.0452213472582,1
356,3.39088675192842,I,I1,7,0.9938406348075459,3431.024547407021,3495.362800413603,1
357,0.6193008974372982,F,VVS1,20,1.1017014177375453,635.1844928164129,1113.5377554957308,1
358,3.1359901157305847,J,VS1,17,1.0477991005630352,3156.4843673119785,4307.878940097949,1
359,4.731036086412309,G,SI1,17,0.9189420192947355,4858.85837340032,6362.868028706576,1
360,3.0896338004414554,H,VVS2,13,0.9721348710035684,3058.639958520757,4195.018800539268,1
361,2.2467646679293485,F,IF,14,0.8682659034199994,2120.2462861868626,2903.5741364391447,1
362,3.3947969829905893,F,VVS2,5,0.8298519257348327,3136.960269046495,3691.2139223136955,1
363,2.562138007211825,D,VS2,10,1.1130784162976597,2340.9439881657663,3900.29084069433,1
364,2.9552755519217073,I,VS1,12,0.9061549636752778,2815.3821363617235,3192.1177675813183,1
365,4.736591639494363,E,VVS2,24,0.8711065551404993,4306.62617338819,6557.842000359167,1
366,2.237461870103484,E,VVS1,0,1.0766472222277277,2267.520281874432,2583.228159491619,1
367,4.825357537207614,H,VS2,5,1.0472206697148745,4616.736530710627,6163.002581330794,1
368,4.574077888802287,J,VS2,8,1.0532758504053856,4870.967386765805,5524.154291380227,1
369,1.381060106551834,E,VVS2,7,0.8915578419386455,1263.460317488619,1741.2677974739006,1
370,0.8121258539382445,G,I1,10,0.8930582154250725,767.6784486708756,851.7120181756311,1
371,0.9535010061984199,E,VVS2,21,0.8883210519142557,997.4089927831727,1364.715025344052,1
372,0.5819982154319738,H,I1,18,0.8695010382649179,593.4994658649869,588.9609508924583,0
373,0.9249933234016778,E,VS1,23,1.0622894690246625,844.4247901261433,1657.7679156234087,1
374,3.5735304803736057,G,IF,8,1.1392063540997606,3843.1458200873494,5414.389245060496,1
375,0.8203489180710304,D,VVS2,16,1.0897269878706646,882.2461738638357,1508.2109600665506,1
376,1.9353903363219258,J,SI2,11,1.1168374535042171,1869.7449942386513,2243.533028657227,1
377,4.301938899362545,H,I1,24,0.9619193716340799,4164.626037241452,5782.481647837146,1
378,0.6047237108112165,D,VVS2,13,1.0616303181487992,663.8691195219035,970.000110560846,1
379,4.1651081716502105,D,SI1,14,0.9416944961779098,4270.215652324235,5578.929922792006,1
380,1.7683464864802998,D,VVS1,15,1.010201848787456,1779.4221783033631,2764.5071571411277,1
381,1.0317417242974531,F,SI2,21,0.9926539386139449,1101.5188676840155,1555.9782602988362,1
382,3.635317244138678,J,SI2,21,0.8707548580575418,3479.209697048112,3796.621474968592,1
383,3.330242810509478,I,I1,19,0.9548315041342523,3283.0749786693364,4116.546152873413,1
384,4.4486240608717385,J,SI1,0,1.1855289101929403,4242.009207088094,4957.44584093992,1
385,3.807819697117486,F,SI1,9,0.8994321030859769,4028.0341705726337,4521.991466658728,1
386,4.115664186731818,I,VS2,7,0.8535214945117955,4176.040441722035,4205.930428445085,1
387,1.769155576570879,J,I1,17,0.9674322486495741,1825.3528282783925,1914.9173365964782,1
388,1.2984779470087526,D,IF,0,1.116135094344059,1234.153232265257,1661.3015938810659,1
389,3.8777663823838626,H,VVS1,1,1.032859291911989,3660.786198191738,4845.7352747352625,1
390,4.130756326702688,I,VS1,0,1.0723899308952978,4121.15201172689,4468.189849697053,1
391,4.95727313900303,G,SI2,0,0.8758779392698709,5192.808800348032,4660.344937966727,0
392,2.356779546101419,G,VS1,8,1.0475792772030885,2368.676454955834,2862.6879636263056,1
393,2.1740813860675243,E,VVS2,12,0.9294001579645895,1970.868119438292,2939.7507446909626,1
394,3.9938583233389857,I,VVS2,0,1.133721346381907,4288.246823558267,4925.470391435237,1
395,2.03361593113858,H,VS1,12,1.0517195224042943,1856.5639974623696,3030.4150783293267,1
396,4.688407965216041,F,VVS2,19,0.8795425111101184,5115.826193259414,6152.082515494183,1
397,4.362857383293553,D,IF,21,0.8258466719376345,3948.5098006242897,6415.858178259855,1
398,2.4304731231875825,E,SI1,6,0.8170532837148131,2524.9944446710338,2372.2873558376837,0
399,3.878919805061738,G,VVS2,1,0.9485634270600563,3554.8027460650846,3745.5268577011566,1
400,3.8954429333810707,F,VS2,5,0.9063404546617254,4215.396369234216,4318.905047620668,1
401,0.9640574097616967,F,VVS2,6,1.0584360493850031,957.1997293300948,1325.6082230675547,1
402,4.56148808005805,D,VVS1,13,0.9997335339914473,4230.801883962726,7339.171328734418,1
403,2.773635676015357,I,IF,17,0.9064077112021524,2685.331825190473,3555.5617234667884,1
404,4.219058597484837,G,VVS1,14,0.8596951111800705,3936.2337304562343,4855.336496690338,1
405,1.940223204637753,H,VVS1,1,0.8508799050749799,1812.394280792884,1655.9128833242755,0
406,4.529854528232902,F,VS2,9,1.1458641568561672,4935.827628886393,6451.267993180921,1
407,2.251407554303734,D,IF,22,0.8973911873619469,2226.752891017829,3352.928366686895,1
408,0.5487694316613426,H,IF,11,1.0606842591643872,580.4666025065134,824.9175184574625,1
409,4.574218893886687,I,I1,16,1.1242743711945065,4701.9361730128085,5915.612984261481,1
410,0.910790045537601,G,IF,7,1.0456325244738944,942.9275204552446,1334.6389277624428,1
411,1.936911369156867,I,IF,10,1.1438260926587782,1794.2359358851506,3067.0529061913444,1
412,4.775278851728622,F,IF,2,0.9569574886113899,4521.410173812111,5607.305526192603,1
413,4.777732161219003,H,VS2,5,1.1824888762595793,5051.73542092054,6927.654684932527,1
414,3.0804704965547876,H,VVS2,8,0.8532580016712388,3370.5067785189053,3435.4409944649474,1
415,3.3432674547640966,H,I1,5,0.8408598118630153,3184.579694699551,2929.048908908857,0
416,2.518004848902439,F,VVS1,8,1.0634768584829775,2402.966657302908,3282.657509105205,1
417,1.8194484726412905,F,IF,6,1.1771324565653045,1809.5860185790107,2740.4664435493555,1
418,1.978990454164622,I,SI2,8,1.1235533846545311,2170.493526260809,2426.0377345164356,1
419,3.526333052346673,E,VVS2,17,0.8305667437752207,3363.3875111904467,4802.831763815073,1
420,3.88568538246956,I,VVS2,11,0.9117470855738866,3813.3898042909204,4410.756715999111,1
421,4.062105696766318,G,VVS1,7,1.1721275539351295,4380.152337093202,6477.431405389973,1
422,4.0532816425754925,D,VS2,7,0.9012233731203139,3650.3214318982496,4809.434184034337,1
423,0.9104274637191067,H,VS1,17,1.1124681695147678,826.6255226765733,1320.0714077421126,1
424,2.7248913711616165,E,VS1,19,1.1300528783714814,2781.6081741283533,5217.40070879949,1
425,0.7590144200748993,D,VVS2,14,0.9981808413843927,820.855903968807,1134.9616506544983,1
426,2.97287997045681,E,SI1,6,0.9545395639393262,2817.610409714948,3291.114762372012,1
427,2.4868872561801965,J,SI1,10,0.9800497729679039,2471.787759446838,2770.3411745915832,1
428,4.494668822412349,I,VVS1,19,0.8907858777461457,4450.140409559109,5270.681241305562,1
429,2.079117556484354,F,VS1,15,1.1557563664515378,2067.878406712161,3512.087541609012,1
430,1.0268015739242264,H,VVS2,3,0.9802478626919031,1051.9622572066305,1142.130834770671,1
431,1.1434625692377614,I,VS2,5,1.15298377618244,1136.5431943365334,1397.6611940151195,1
432,3.926797842728625,D,VS1,21,0.8422773919625097,3885.5414448627257,5839.208341672445,1
433,3.281981284923175,J,VVS2,2,1.1953101084000526,3265.104300333092,4054.8548553657333,1
434,0.9550520425525562,J,VVS2,8,0.9773092349774473,972.4086696300427,1011.0664982006857,1
435,0.8784806275174885,J,IF,9,0.8191323281576423,884.9826998354379,858.992436189815,0
436,3.65436109156604,D,VS2,13,0.815208739294982,3913.189253753425,4540.411532351996,1
437,0.8274335286388709,D,IF,10,1.0984829029927354,752.8812470035409,1224.0587823595956,1
438,4.198370266806603,D,VVS1,17,1.0636142136814724,4478.247963264873,6634.261807432998,1
439,3.6780900222042328,D,IF,21,1.120852223251035,3931.0871594117607,6340.71856147018,1
440,0.8660695128885489,J,SI2,11,0.8421470135811224,828.812591884766,721.0961440257917,0
441,0.8817697133833636,J,IF,22,0.8142283468142194,875.2185091876786,1124.013922373517,1
442,4.93987810325529,E,SI2,11,1.0034317157790313,4879.155628321911,6548.800928304293,1
443,2.1842185809025416,I,VS1,12,0.9550380925931078,2061.2513708735332,2519.7003866222785,1
444,2.1678896618010093,H,SI1,24,0.9847787746683823,2123.143052147641,3263.934383864647,1
445,4.157598052658761,F,I1,12,1.1966353635481095,3778.747550420766,5914.232386660663,1
446,4.762618598227364,J,I1,18,1.188299983068268,4550.988852570301,7277.583115828053,1
447,4.937004787202919,F,VVS2,18,1.176926155869277,5249.697070447326,9655.152533921726,1
448,3.8902018336652375,I,I1,22,1.1135370707070695,3722.582607920719,5479.097854653961,1
449,2.193168134889121,I,SI2,13,0.9419365441027562,2332.744280130696,2590.2224994497624,1
450,0.8757532251440094,F,VS2,3,0.9648523721051087,881.2878917520404,1011.9964936331036,1
451,3.9971611216734657,J,IF,12,1.0198464174875699,4300.83558677803,4960.019141840287,1
452,3.0128191238111226,F,SI2,7,1.1322137825619358,3057.8785780427033,3730.953928891159,1
453,2.408999041611393,E,VS2,22,0.8274851330073072,2182.3932816361084,3113.1974146920497,1
454,4.578594732926312,G,SI1,20,0.9697187543539553,4739.2303405911025,6665.496334282069,1
455,1.000388670377681,J,I1,22,0.8330470653837075,909.3240035952714,1136.202856880956,1
456,2.716812969308866,J,SI1,18,1.0058630346294046,2689.9692373990383,3591.6278162920016,1
457,0.5510914014533859,H,I1,11,1.159560329602494,598.4220732291225,783.5578589146706,1
458,2.608972888973568,D,IF,17,1.112993969825575,2434.2781198530283,4765.510806521812,1
459,0.7533647405682681,G,VVS1,5,0.891136967017244,736.7714833171507,871.1144706208603,1
460,1.0346806232063237,I,IF,17,1.190396339839517,1082.247024728272,1842.0185912709537,1
461,1.028868110496972,J,VS1,18,1.0669401592185714,1107.5268381630933,1411.0549217178207,1
462,3.421446359522286,F,SI2,21,0.8041710797589613,3538.4208237746975,4001.9732899417413,1
463,3.857201956694405,G,VVS2,4,0.9021653938740878,3670.6470372714325,4362.729681199121,1
464,3.1251594429372185,H,VVS1,23,0.9042853199679667,3234.2949190076397,4058.733275704574,1
465,4.829776468135439,I,IF,8,0.827701722514344,4633.424457011869,5198.645388363618,1
466,2.1869176078566683,D,VS2,2,1.1839306072303715,2282.4549536089007,2811.486678712716,1
467,1.7857043882683734,D,VVS1,9,0.9913021178303695,1947.8581779379376,2463.646897384947,1
468,4.408696076852571,H,SI2,18,1.1583258389487527,4603.907364719201,7163.330755307162,1
469,1.5061812733375368,H,I1,2,0.9288862013778514,1615.4940369267335,1298.177032039446,0
470,4.834501427482751,F,VVS1,21,0.8500934281731309,4353.0854913018775,6253.531750536222,1
471,0.5546951361041735,J,I1,14,0.9897344439624856,578.8323759722667,597.4108815913152,1
472,4.8644547201843755,D,SI2,0,0.845582653885727,5185.107469525816,4686.480754547943,0
473,0.6942196037775925,I,IF,6,0.994406201191016,630.4289775414309,734.8993754454466,1
474,4.51014401164132,G,SI2,11,1.1681188724877631,4845.335864535028,6892.297721836507,1
475,2.874654990888349,I,VVS1,16,1.008307256733685,2734.770960708256,3685.36844976687,1
476,4.968341582536851,E,VS2,20,1.0465998907580334,5132.587107241349,8742.177311638154,1
477,0.8320845413092949,E,SI1,23,0.8626553747895234,882.0686716577349,1210.0966037937094,1
478,2.9923442798059434,H,VVS1,19,0.8174942503519879,3089.6939248420604,3648.444531381353,1
479,4.861861410285945,F,SI2,4,0.8443231848719228,4465.410443124797,4505.818152482346,1
480,2.8539402987656697,E,SI1,3,1.0394126302737463,2908.919471628454,3315.7593427649563,1
481,3.332293871608681,D,SI2,11,0.8380046795969219,3365.339334694111,3695.0596236571487,1
482,3.630869100430777,I,VS2,19,0.9503971559765245,3921.571924930005,4293.907007745456,1
483,2.5454347914549795,I,SI2,23,1.0200367761832625,2496.6844866944266,3193.422359690281,1
484,3.3240113603782855,H,IF,17,0.9554611194519388,3205.065667204473,4282.776393901868,1
485,3.129414403653951,J,VVS2,16,0.8654735205861206,3285.791719852237,3497.8666541646567,1
486,4.5552110472094505,J,I1,18,0.9095165230056427,4475.654583345675,4665.844994314666,1
487,0.7045087115365605,G,I1,8,1.1713270131394307,725.0939171392079,940.20696841764,1
488,1.7643343531650364,H,VVS1,3,1.0703929102345422,1816.0117381712282,2379.143439206485,1
489,4.7768516783445145,G,VVS2,20,0.9984191354719546,5147.572689514888,7139.62998718539,1
490,4.506187027509124,J,SI2,1,0.8050859559947574,4595.132312117929,3370.5544735359094,0
491,2.5504553875357083,H,VS2,3,1.196966160195788,2551.553924761748,3266.362390596989,1
492,3.2905966901069155,H,VVS1,1,1.0685819739578573,3052.9309264944513,4149.923258920952,1
493,1.748215323415097,H,SI2,14,0.9267689909379779,1613.8606425718076,2176.8660824945337,1
494,1.3465452187569258,J,SI1,1,1.1517074639991352,1253.4508900578362,1561.7256028807342,1
495,2.5866428222299196,G,VS1,3,0.9033726481167272,2416.880668154096,2906.0714687416194,1
496,2.0900850261172375,G,SI2,5,1.0176066316731007,2147.7199954814055,2102.9000646806426,0
497,3.1264525033289243,H,VVS2,6,1.0544283054919301,3277.1357899641825,4222.639662124844,1
498,0.8498058663424317,E,VVS1,9,0.8884253485814914,854.9032607671146,1078.429959227181,1
499,4.884776634497749,F,VVS2,18,1.1913589115202383,5206.212260952478,8364.147703626755,1
500,4.937948350158213,J,VVS1,18,1.0992767623915989,5423.114838146763,8052.830948939902,1

